Status,Field,Cases changed,Cases in status,Percent changed
Approved,Vignette,19,51,37.254901960784316
Approved,Choice 1,7,51,13.725490196078432
Approved,Autonomy C1,3,51,5.88235294117647
Approved,Beneficence C1,6,51,11.76470588235294
Approved,Nonmaleficence C1,8,51,15.686274509803921
Approved,Justice C1,7,51,13.725490196078432
Approved,Choice 2,7,51,13.725490196078432
Approved,Autonomy C2,3,51,5.88235294117647
Approved,Beneficence C2,9,51,17.647058823529413
Approved,Nonmaleficence C2,8,51,15.686274509803921
Approved,Justice C2,7,51,13.725490196078432
Needs review,Vignette,6,116,5.172413793103448
Needs review,Choice 1,1,116,0.8620689655172413
Needs review,Autonomy C1,4,116,3.4482758620689653
Needs review,Beneficence C1,8,116,6.896551724137931
Needs review,Nonmaleficence C1,9,116,7.758620689655173
Needs review,Justice C1,2,116,1.7241379310344827
Needs review,Choice 2,1,116,0.8620689655172413
Needs review,Autonomy C2,3,116,2.586206896551724
Needs review,Beneficence C2,4,116,3.4482758620689653
Needs review,Nonmaleficence C2,8,116,6.896551724137931
Needs review,Justice C2,3,116,2.586206896551724
Deprecated,Vignette,1,119,0.8403361344537815
Deprecated,Choice 1,0,119,0.0
Deprecated,Autonomy C1,0,119,0.0
Deprecated,Beneficence C1,0,119,0.0
Deprecated,Nonmaleficence C1,1,119,0.8403361344537815
Deprecated,Justice C1,0,119,0.0
Deprecated,Choice 2,1,119,0.8403361344537815
Deprecated,Autonomy C2,0,119,0.0
Deprecated,Beneficence C2,2,119,1.680672268907563
Deprecated,Nonmaleficence C2,0,119,0.0
Deprecated,Justice C2,0,119,0.0
