Cohort,Exploratory context flag,Cases,Cohort n,Percent,Definition
All cases,Immediate time pressure,115,286,40.20979020979021,\bmust decide today\b OR \btonight\b OR within (?:the next )?\d+ (?:hours?|days?) OR \bdeadline\b OR \bthis week\b OR \bimmediately\b OR \bwithin hours\b OR \bby end of day\b
All cases,Surrogate or family decision,78,286,27.272727272727273,\bsurrogate\b OR legal decision-maker OR default decision-maker OR \bguardian\b OR parents? (?:consent|request|ask|support|refuse|agree|disagree) OR wife .*requests? OR husband .*requests? OR family .*requests?
All cases,Mental health or self-harm,68,286,23.776223776223777,\bsuicid OR \bself[- ]harm OR \bpsychiatr OR \bdepress OR \bPTSD\b OR \bpanic\b OR \bpsychosis\b
All cases,"Resource, access, or coverage constraint",61,286,21.32867132867133,\binsur OR \bcoverage\b OR \bfunding\b|\bgrant\b OR \bresource OR limited (?:beds|slots|capacity|staff|resources) OR (?:ICU|unit|hospital) is at capacity OR not available locally OR cannot afford OR wait(?:ing)? list
All cases,Minor or adolescent,60,286,20.97902097902098,\bcapable minors?\b OR \bminor(?:'s|’s)? (?:assent|consent|care|patient|request|decision|wellbeing)\b OR \bminor-care\b OR \badolescent\b OR \bchild\b OR \b(?:1[0-7]|[1-9])-year-old\b OR \bpediatric\b
All cases,Impaired or uncertain capacity,56,286,19.58041958041958,lacks? (?:decision-making )?capacity OR capacity (?:cannot|can(?:not|'t)|could not) be (?:established|confirmed) OR capacity (?:is )?(?:uncertain|fluctuat) OR decision-making capacity.*(?:impaired|uncertain) OR \bdelirium\b OR \bvegetative state\b OR \bminimally responsive\b OR \bnot decisional\b
All cases,End-of-life or palliative care,51,286,17.832167832167833,\bhospice\b OR \bpalliative\b OR comfort[- ](?:only|focused|measures|care) OR life[- ]sustaining OR withdraw(?:al|ing)? (?:the )?(?:ventilator|treatment|support) OR \bDNR\b OR \bdying\b OR terminal(?:ly)? ill
All cases,Confidentiality or disclosure,50,286,17.482517482517483,\bconfidential OR \bprivacy\b OR \bdisclos OR not (?:tell|inform) (?:her|his|the) parents? OR asks? (?:you )?not to (?:tell|contact|inform) OR keep .* (?:status|result|diagnosis) confidential
All cases,Reproductive or obstetric care,35,286,12.237762237762238,\bpregnan OR \bgestation OR \blabor\b OR \bfetus\b|\bfetal\b OR \bcesarean\b OR \btermination\b OR \bcontracept OR \bsteriliz
All cases,Research or investigational intervention,12,286,4.195804195804196,\binvestigational\b OR \bclinical trial\b OR \btrial at\b OR \bIRB\b OR \bregistry\b OR \bresearch protocol\b OR \bexperimental\b
Approved,Immediate time pressure,22,51,43.13725490196079,\bmust decide today\b OR \btonight\b OR within (?:the next )?\d+ (?:hours?|days?) OR \bdeadline\b OR \bthis week\b OR \bimmediately\b OR \bwithin hours\b OR \bby end of day\b
Approved,Surrogate or family decision,17,51,33.333333333333336,\bsurrogate\b OR legal decision-maker OR default decision-maker OR \bguardian\b OR parents? (?:consent|request|ask|support|refuse|agree|disagree) OR wife .*requests? OR husband .*requests? OR family .*requests?
Approved,"Resource, access, or coverage constraint",16,51,31.372549019607842,\binsur OR \bcoverage\b OR \bfunding\b|\bgrant\b OR \bresource OR limited (?:beds|slots|capacity|staff|resources) OR (?:ICU|unit|hospital) is at capacity OR not available locally OR cannot afford OR wait(?:ing)? list
Approved,Mental health or self-harm,15,51,29.41176470588235,\bsuicid OR \bself[- ]harm OR \bpsychiatr OR \bdepress OR \bPTSD\b OR \bpanic\b OR \bpsychosis\b
Approved,Minor or adolescent,12,51,23.529411764705884,\bcapable minors?\b OR \bminor(?:'s|’s)? (?:assent|consent|care|patient|request|decision|wellbeing)\b OR \bminor-care\b OR \badolescent\b OR \bchild\b OR \b(?:1[0-7]|[1-9])-year-old\b OR \bpediatric\b
Approved,End-of-life or palliative care,12,51,23.529411764705884,\bhospice\b OR \bpalliative\b OR comfort[- ](?:only|focused|measures|care) OR life[- ]sustaining OR withdraw(?:al|ing)? (?:the )?(?:ventilator|treatment|support) OR \bDNR\b OR \bdying\b OR terminal(?:ly)? ill
Approved,Impaired or uncertain capacity,8,51,15.686274509803921,lacks? (?:decision-making )?capacity OR capacity (?:cannot|can(?:not|'t)|could not) be (?:established|confirmed) OR capacity (?:is )?(?:uncertain|fluctuat) OR decision-making capacity.*(?:impaired|uncertain) OR \bdelirium\b OR \bvegetative state\b OR \bminimally responsive\b OR \bnot decisional\b
Approved,Reproductive or obstetric care,6,51,11.764705882352942,\bpregnan OR \bgestation OR \blabor\b OR \bfetus\b|\bfetal\b OR \bcesarean\b OR \btermination\b OR \bcontracept OR \bsteriliz
Approved,Confidentiality or disclosure,6,51,11.764705882352942,\bconfidential OR \bprivacy\b OR \bdisclos OR not (?:tell|inform) (?:her|his|the) parents? OR asks? (?:you )?not to (?:tell|contact|inform) OR keep .* (?:status|result|diagnosis) confidential
Approved,Research or investigational intervention,4,51,7.8431372549019605,\binvestigational\b OR \bclinical trial\b OR \btrial at\b OR \bIRB\b OR \bregistry\b OR \bresearch protocol\b OR \bexperimental\b
