Case ID,Status,R1 decision,R2 decision,Reviewer comment,Themes
03e8c90f-45bf-400a-adfe-1068a9f6fa4e,Deprecated,Reject,,Too complicated & starting an IV in an almost non responvie patient does not seem like a real dilemma,"Realism, complexity, or wording"
0895a422-1803-42be-bfbc-904395e1389e,Deprecated,Reject,,The alleged conflict does not map cleanly onto principlism,Value attribution uncertainty
0963f96a-3cd2-41bc-895f-2b94d6846cb5,Deprecated,Reject,,The parents can make an informed decision themselves,No genuine tradeoff or obvious answer | Capacity or autonomy ambiguity
282a2bc8-6ccb-4f34-a265-ff9540f7d2dc,Approved,Revise,Approve,It was not an ethical dilemma as long as she has capacity,Outside ethical decision scope | No genuine tradeoff or obvious answer | Capacity or autonomy ambiguity
c66799aa-41ba-497c-824c-1e2e9b66b60c,Approved,Revise,Approve,Revised slightly to make both choices to be more strongly aligned with the respective values,Revision or label correction documented
eee77bbb-0416-4c4c-b1d5-26165571eb9b,Approved,Revise,Approve,The case was revised to make the competing ethical values explicit and mutually constraining,Value attribution uncertainty | Revision or label correction documented
065d7abf-3671-43a2-8375-79fb6e87ed78,Approved,Approve,Approve,promoting a stated wish isn't promoting autonomy if the patient isn't competent. but the vignette should bring out what respondents think about capacity.,Capacity or autonomy ambiguity | Value attribution uncertainty
0b5a2bcb-0946-461a-8ba1-8f29213f01c5,Approved,Approve,Approve,this case would revolve around a suicide risk assessment. the autonomy concerns are problematic because what the patient wants may be colored by the recent suicide attempt. but there could be judgment calls. I think worth seeing how it plays out ... there will be disagreement i suspect.,Capacity or autonomy ambiguity | Positive or retained with caveat
10199c7b-b781-474f-a9e3-751bdfd9288a,Approved,Approve,Approve,i think we can go ahead with this case but the autonomy isn't clear -- he didn't complete the requisite form,Capacity or autonomy ambiguity | Missing context or stakeholder position | Positive or retained with caveat
1288f121-86a0-476f-aa2b-bfad8dc30ec7,Deprecated,Reject,,I don't think this choice is about values. It is purely whether the clinician believes the risk is high,Outside ethical decision scope
176e84c9-15a3-4e2b-ad02-54aeb490bd2c,Deprecated,Revise,Reject,Only changed the values asigned to the second option,Value attribution uncertainty | Revision or label correction documented
18df985f-b99d-4150-8678-017e44d87ef9,Deprecated,Reject,,Clinical dilemma,Outside ethical decision scope
1ab0a120-58af-4da4-8a7f-c079e8feee34,Deprecated,Reject,,"Trials have clear inclusion and exclusion criteria. If she meets criteria, she should be enrolled. This is not an ethical question",Outside ethical decision scope | No genuine tradeoff or obvious answer
2b112fe3-c25c-4d39-9b86-29eaed840690,Deprecated,Reject,,Not a medical decision,Outside ethical decision scope
2c0921e4-9ef7-4c16-a5fb-fb6b89fb5872,Deprecated,Reject,,Not a medical decision,Outside ethical decision scope
b94607ef-e355-4a64-b564-2a558c0eea71,Approved,Approve,Approve,there are justice considerations in terms of burdens borne by staff and system. the tension here is between beneficence and nonmaleficence.,Value attribution uncertainty
b0a439fe-8ab8-450b-9e72-dbce2726a37e,Approved,Approve,Approve,Excellent case,Positive or retained with caveat
24bf2c00-5b29-4701-9930-39798cd6c75b,Approved,Revise,Approve,"Patient seems to be capable to make decision of not being part of stepwise ""trial"". The verbiage ""trial"" is confusing to me and might be considered as some clinical trial vs the titration of the medication. We need more information and thoughts from attending for this.","Realism, complexity, or wording | Missing context or stakeholder position"
1656283a-b8a0-4985-ab1b-3339fc6ce1d8,Deprecated,Reject,,A clinical dilemma of how to titrate treatment to best accommodate wishes,Outside ethical decision scope
4aab5d3c-9a4e-40c2-b074-b4d9be1c4116,Approved,Revise,Approve,She has capacity - you cannot act against her will. Chaned it to an option of agree to perform the surgery she requests or not at all,No genuine tradeoff or obvious answer | Capacity or autonomy ambiguity
5d874e5a-9c77-4b0e-b5a8-5f48aa9079c0,Deprecated,Reject,,Seems like it is the parents' choice,No genuine tradeoff or obvious answer | Capacity or autonomy ambiguity
8c2dc41b-042a-4a57-8ed0-55c4dc613f52,Deprecated,Reject,,"Not a dilemma, she currently has capacity",No genuine tradeoff or obvious answer | Capacity or autonomy ambiguity
e7fada47-b733-483e-8705-6988696954f3,Deprecated,Reject,,It sounds more like a legal dilemma,Outside ethical decision scope
e99da25b-9ce8-4971-8401-100d35074e2a,Deprecated,Reject,,More of a clinical dilemma of how urgent the test is,Outside ethical decision scope
eb0838d0-4326-431e-b418-50c857ab5953,Deprecated,Reject,,Too convoluted,"Realism, complexity, or wording"
4cf19c37-6bf0-46dc-87a2-57914c1d3f1c,Deprecated,Reject,,"It seems like the prisoner is requesting the ""help"" so it reduces from the dilemms",No genuine tradeoff or obvious answer
be3bfd3e-6b80-43db-b31a-31cbfb11011d,Deprecated,Reject,,i don't think there is any scenario in which a psychiatrist wouldn't start NAS treatment in a suicidal 17 yo. In the US at least it would be failure on boards/ gross departure from standard of care.,No genuine tradeoff or obvious answer
27e4de97-52db-47bd-9cb0-1523fb445e41,Deprecated,Reject,,What is the family's position here? There is no way this has not been discussed if the patient is at a nursing home,Missing context or stakeholder position
3395346d-3e75-4251-b109-d15aa6808577,Deprecated,Reject,,Would probably want Gabe to look at this. These decisions should've been fully discussed with the patient before the surgery were started. How can you go into surgery without a plan for the most common possibilities?,Missing context or stakeholder position
588b7c5a-c4c0-44ab-8006-11f6dc38698d,Deprecated,Reject,,"I'm not sure that autonomy can be considered to be ""promoted"" or ""violated"" here, as the parents are at odds; therefore both choices violate autonomy.",Capacity or autonomy ambiguity | Value attribution uncertainty
58dfdef0-a437-443c-b633-78526322ea0c,Deprecated,Reject,,Too lopsided for choice 2,No genuine tradeoff or obvious answer
5e2a9307-b38a-451c-b8aa-a4743117d589,Deprecated,Reject,,A time-limited trial seems super obvious here,No genuine tradeoff or obvious answer
7337f4a2-f682-4dfa-9485-9e7af7620ab8,Deprecated,Reject,,Seems fairly clear that pursuing lumbar puncture - a relatively non-invasive but urgently important diagnostic procedure - is warranted here,No genuine tradeoff or obvious answer
9184479e-9778-44dc-96a4-98069d12e45c,Deprecated,Reject,,"Defer to practicing surgeon, but I cannot imagine performing a non-urgent operation without confirmation of the correct site with the patient. This is a huge failure of the pre-op process",No genuine tradeoff or obvious answer
53b5738d-b1c4-487b-bc45-2ecd8db7c41b,Deprecated,Reject,,convoluted and not realistic. Stem cell transplant decision is made before starting induction.,"Realism, complexity, or wording"
63bc2ecb-cfdf-42eb-923c-eebd86a672d0,Deprecated,Reject,,Focuses on clinician conscience rather than a general ethical dilemma,Outside ethical decision scope
6519444e-8565-4d94-882b-19d5cd4f08a7,Approved,Revise,Approve,Only changed the values asigned to the second option,Value attribution uncertainty | Revision or label correction documented
32c73f69-7cf7-4b37-81a7-748c5edbcc39,Deprecated,Reject,,Not a medical question,Outside ethical decision scope
696b45d3-5e70-47a6-a2c9-e0af587b0def,Deprecated,Reject,,this is a clinical decision -- i'm missing the ethics. the patient needs support in making a risk-benefit decision.,Outside ethical decision scope | Missing context or stakeholder position
41091392-5a2e-4e31-bb06-c839412287b2,Deprecated,Reject,,Not a medical dilemma,Outside ethical decision scope
81254a3b-1d2c-4686-b50d-5125febb19b9,Deprecated,Reject,,Not a medical question,Outside ethical decision scope
87db5b9f-d471-46fc-b390-5b85815f0997,Deprecated,Approve,Reject,"My concern is that the parents have not expressed a preference because they are still torn, so choosing resuscitation would not necessarily promote autonomy. However, if we revise the case so they clearly express a preference, the answer becomes straightforward: honor their choice, since both options are reasonable. That may eliminate the ethical conflict altogether.",No genuine tradeoff or obvious answer | Capacity or autonomy ambiguity | Value attribution uncertainty | Missing context or stakeholder position
af3bbfbf-affa-43a3-bd06-3a3e532286d7,Deprecated,Reject,,Irrelevant situation,Outside ethical decision scope
b283249d-dd6f-49c5-8e89-afa35bb7f105,Deprecated,Reject,,Bad writing,"Realism, complexity, or wording"
91d5a634-2e0f-48e8-8443-3b8f19007379,Deprecated,Reject,,The risk for a third party seems to strong to pose a real dilemma,No genuine tradeoff or obvious answer
92a1c54d-f6ae-4367-ad76-6642ac98f289,Deprecated,Reject,,Not a medical question,Outside ethical decision scope
6e1051aa-8c16-40d2-8319-70abf1ee15ee,Needs review,Revise,,not sure it promotes justice,Value attribution uncertainty
76b0abf2-4319-4629-8933-3ead97543ba3,Needs review,Revise,,"the values alignment here may be overstated. I think there is a real question about what he would have decided, the organ procurement protcol may be something he would have accepted as time-limited. there is also a negative justice aspect to the organs that wouldn't or might not be procured if he were to go the palliative option",Value attribution uncertainty | Missing context or stakeholder position
8163a666-d88f-4809-9ffc-2362d57454b3,Needs review,Revise,,deleted the severe depression -- makes it too simple,Revision or label correction documented
a0853c96-93c1-4c7f-892b-72230a1d29de,Needs review,Revise,,"i don't think it's clear that delisting does not cause harm -- short vs long term vs interpretation. this is a good case because it's hard, just changed the one value.",Revision or label correction documented | Positive or retained with caveat
997a6fb9-b859-470b-a886-c037fafcd6dc,Deprecated,Reject,,More of a clinical dilemma,Outside ethical decision scope
9ebdc1d1-0aa6-4034-a3bb-8ec111238de7,Deprecated,Approve,Reject,the minor's wellbeing is concerning here -- is it autonomous if it cannot be confirmed that she is not being coerced or influenced? i do think there will be variability in how clinicians answer this. I have questions about the values assignments because there are capacity questions.,Capacity or autonomy ambiguity | Value attribution uncertainty
d27ee04d-0baa-4cb8-b07d-bd3068ad57dc,Needs review,Revise,,the beneficence and nonmaleficence considerations are not clearly one way or the other. it seems that either option could be seen either way. i have changed the B and NM values to neutral for both,Value attribution uncertainty | Missing context or stakeholder position | Revision or label correction documented
e43badcd-4206-42f6-901e-936eef4f4afa,Needs review,Revise,,i think that the admission is also neutral on beneficence and nonmaleficience-- is it medical vs. overall (psychological and developmental) well being?,Value attribution uncertainty
a48da8d2-7c14-4f78-9818-dd87f1c71047,Deprecated,Reject,,Not medically relevant,Outside ethical decision scope
a4bf234a-6888-4825-8fb4-40e6afe55489,Approved,Revise,Approve,Tried to make the dilemma clearer without allowing staff to be moved from other departments,Revision or label correction documented
01f718a7-d2dc-46ce-b1a9-383552fb8af6,Needs review,Approve,,"There should be some idea provided for the protocol especially for Q2, is it the right thing to spend time for assessment vs calling Child Protection service.",Missing context or stakeholder position
b01b61b0-5f1e-4030-acd3-dfefa7136ca4,Approved,Revise,Approve,"Revised to make the dilemma sharper because if paranets already stated they do not want to talk today, you cannot force the conversation on them",Revision or label correction documented
49036e0d-ecd4-4ec7-9547-92fe5338b713,Needs review,Approve,,"Here there is no autonomy, so its standard medical decision.",Capacity or autonomy ambiguity
5dc9de9d-0e87-42d3-9ef8-480ded7556ae,Needs review,Approve,,"The patient said if his wife cannot provide support, he is open to go to inpatient hospice. So, autonomy is violated in case 2 where he is kept at home.",Capacity or autonomy ambiguity | Value attribution uncertainty
bb0e5dbf-442b-42fd-b69b-243ddb52f568,Deprecated,Revise,Reject,"i added that you are a senior resident to mkae it clear re attending, and i don't think beneficence is violated in choice 2 -- its neutral, as is nonmaleficence in choice 1; maria: I worry about keeping the pt in the hospital for discussion about an outpatient medication for a chronic problem. I dont know if this would be justified, unless maybe we add something like pt will be unable to see cardiology for the next x months?",Value attribution uncertainty | Revision or label correction documented
bbd0156a-e118-4639-827d-224c30459b4a,Deprecated,Reject,,This seems like a highly unlikely and strange scenario.,"Realism, complexity, or wording"
bf65986f-b06d-43eb-b7a9-e9febd1ca6cd,Approved,Approve,Approve,"this case is fine, not sure it would really happen IRL because open notes are here and clinicians know that in documentation.",Positive or retained with caveat
bffb2c69-a5bf-4018-ac9e-004313d4c864,Deprecated,Reject,,"False dilemma. If your patient is having an acute delirium or unexplained mental status change, this has to be investigated before administering neuro-active medications (e.g., sedatives).",No genuine tradeoff or obvious answer
c09e48a0-1c69-4032-a44e-c51d4aff9746,Deprecated,Reject,,"If he has capcaitcy it's his choice, but now it seems he does not...",Capacity or autonomy ambiguity
c3d1b14b-0190-4e16-be51-39e558ddafec,Deprecated,Reject,,This is basically asking to conduct fraud,No genuine tradeoff or obvious answer
c736b1b6-d9f2-472f-9a1b-ae8ca8b690f5,Deprecated,Reject,,I don't see a basis for denying her enrollment if she understands and accepts the risks,No genuine tradeoff or obvious answer
c931ff15-21f1-49d5-b208-44471ea3dbf1,Deprecated,Reject,,Why not just wait until she's not acutely delirious?,No genuine tradeoff or obvious answer
fd0c2f2f-d9f9-4a5a-9ffd-d6c0b99b430d,Needs review,Approve,,not sure the beneficence vs nonmaleficence values ascrption here is so clear. or the justice for that matter. maybe that makes it a good case ... we'll see,Value attribution uncertainty | Positive or retained with caveat
d9b904c3-80de-486b-9b63-0bdb58f733a3,Approved,Approve,Approve,I might have changed the aligned values (I don't remember if I changed it at the end or not),Revision or label correction documented
01ef4462-ce9b-4e56-8ca1-60fa83dcc84d,Needs review,Reject,Reject,This person is ready to follow treatment but there is a scheduling issue. The case needs to be better defined.,Missing context or stakeholder position
06470e3b-b403-4cd3-897c-82b13f7ef1f0,Needs review,Reject,,the beneficence and nonmaleficence values are not clear here. depends on how you characterize them. have changed them. the issue here is really the policy,Value attribution uncertainty | Missing context or stakeholder position | Revision or label correction documented
dbf6ba8c-d3b7-4392-ab78-e6c6a7bbcb4d,Deprecated,Reject,,Not a medical decision,Outside ethical decision scope
0f4e3f7d-95c9-4a89-9aac-d10861f6e0d1,Needs review,Revise,,Do not understand the effect on non-maleficience,Value attribution uncertainty
19f653e9-755a-4eea-8a53-87ec25e833ff,Needs review,Revise,,"This is interesting since the patient is pediatric, so an guardian needs to provide consent. The rules for mature minor might vary from state to state but in general needs a triad for decision making. Triadic decision structure involves clinician, parent, and child rather than a dyad of clinician and patient, creating shared or distributed responsibility that modifies the exercise of autonomy. We should discuss this.",Capacity or autonomy ambiguity | Positive or retained with caveat
f4bbe4fc-d62d-4094-97dc-b44a9f17e182,Deprecated,Reject,,"This case seems highly contrived and constrained, for an unclear conflict of values","Realism, complexity, or wording | Missing context or stakeholder position"
8d38b82f-cfe7-4018-92e2-3bb9bdb58012,Needs review,Revise,,"my concern about this case is that is conflates which values to whom? nonmaleficence to staff vs patient? i think if we make it about the patient, then nonmaleficence can be violated and justice promoted to make it work.",Value attribution uncertainty
8f0629a1-10cf-48be-9294-88227943064e,Needs review,Revise,,added that husband still in hospital and also going home also promotes beneficence to continue hospice in familiar surrounding,Value attribution uncertainty | Revision or label correction documented
feec8675-056c-445c-a654-28dc91e1c511,Approved,Revise,Approve,Revised slightly to explain the parents' choice,Capacity or autonomy ambiguity | Revision or label correction documented
