Cohort,Profile,Cases,Cohort n,Percent,Autonomy,Beneficence,Nonmaleficence,Justice
All cases,C2|C1|C2|=,35,286,12.237762237762238,C2,C1,C2,=
All cases,C1|C1|C2|C2,22,286,7.6923076923076925,C1,C1,C2,C2
All cases,C1|C1|C2|=,21,286,7.3426573426573425,C1,C1,C2,=
All cases,C1|C2|C2|=,18,286,6.293706293706293,C1,C2,C2,=
All cases,C2|C1|C2|C2,17,286,5.944055944055944,C2,C1,C2,C2
All cases,C1|C2|C2|C2,15,286,5.244755244755245,C1,C2,C2,C2
All cases,C2|C1|C2|C1,13,286,4.545454545454546,C2,C1,C2,C1
All cases,C2|C1|C1|C1,11,286,3.8461538461538463,C2,C1,C1,C1
All cases,C2|C1|C1|=,11,286,3.8461538461538463,C2,C1,C1,=
All cases,C1|C2|C1|=,11,286,3.8461538461538463,C1,C2,C1,=
All cases,C1|C1|C2|C1,10,286,3.4965034965034967,C1,C1,C2,C1
All cases,C1|=|C2|=,9,286,3.1468531468531467,C1,=,C2,=
All cases,C2|C1|C1|C2,7,286,2.4475524475524475,C2,C1,C1,C2
All cases,C1|C2|C1|C2,7,286,2.4475524475524475,C1,C2,C1,C2
All cases,C2|C1|=|=,7,286,2.4475524475524475,C2,C1,=,=
All cases,C1|C1|C1|C2,6,286,2.097902097902098,C1,C1,C1,C2
All cases,C1|C2|C2|C1,6,286,2.097902097902098,C1,C2,C2,C1
All cases,C1|C2|C1|C1,6,286,2.097902097902098,C1,C2,C1,C1
All cases,C1|C2|=|=,5,286,1.7482517482517483,C1,C2,=,=
All cases,C2|=|=|C1,4,286,1.3986013986013985,C2,=,=,C1
All cases,=|C1|C2|=,4,286,1.3986013986013985,=,C1,C2,=
All cases,C2|C2|C2|C1,4,286,1.3986013986013985,C2,C2,C2,C1
All cases,C2|C1|=|C1,4,286,1.3986013986013985,C2,C1,=,C1
All cases,C2|=|=|=,3,286,1.048951048951049,C2,=,=,=
All cases,=|C1|C2|C2,3,286,1.048951048951049,=,C1,C2,C2
All cases,C2|C2|C1|C1,2,286,0.6993006993006993,C2,C2,C1,C1
All cases,=|C1|C2|C1,2,286,0.6993006993006993,=,C1,C2,C1
All cases,C2|=|C2|C1,2,286,0.6993006993006993,C2,=,C2,C1
All cases,C1|C2|=|C2,2,286,0.6993006993006993,C1,C2,=,C2
All cases,=|C1|C1|C2,2,286,0.6993006993006993,=,C1,C1,C2
All cases,=|C2|C1|=,2,286,0.6993006993006993,=,C2,C1,=
All cases,C1|C1|=|C2,2,286,0.6993006993006993,C1,C1,=,C2
All cases,=|C2|C2|C1,1,286,0.34965034965034963,=,C2,C2,C1
All cases,=|C2|C1|C1,1,286,0.34965034965034963,=,C2,C1,C1
All cases,=|C2|C1|C2,1,286,0.34965034965034963,=,C2,C1,C2
All cases,C1|C1|=|C1,1,286,0.34965034965034963,C1,C1,=,C1
All cases,=|=|C1|=,1,286,0.34965034965034963,=,=,C1,=
All cases,C2|C2|C1|C2,1,286,0.34965034965034963,C2,C2,C1,C2
All cases,C1|C2|=|C1,1,286,0.34965034965034963,C1,C2,=,C1
All cases,C1|C1|=|=,1,286,0.34965034965034963,C1,C1,=,=
All cases,=|=|C2|=,1,286,0.34965034965034963,=,=,C2,=
All cases,C1|=|C2|C2,1,286,0.34965034965034963,C1,=,C2,C2
All cases,C1|=|C2|C1,1,286,0.34965034965034963,C1,=,C2,C1
All cases,C2|C1|=|C2,1,286,0.34965034965034963,C2,C1,=,C2
All cases,C1|=|=|C2,1,286,0.34965034965034963,C1,=,=,C2
Approved,C1|=|C2|=,7,51,13.72549019607843,C1,=,C2,=
Approved,C2|C1|C2|=,6,51,11.764705882352942,C2,C1,C2,=
Approved,C1|C1|C2|C2,5,51,9.803921568627452,C1,C1,C2,C2
Approved,C2|C1|C1|=,4,51,7.8431372549019605,C2,C1,C1,=
Approved,C1|C1|C2|=,3,51,5.882352941176471,C1,C1,C2,=
Approved,C1|C2|C2|C2,3,51,5.882352941176471,C1,C2,C2,C2
Approved,C2|=|C2|C1,2,51,3.9215686274509802,C2,=,C2,C1
Approved,C1|C1|C2|C1,2,51,3.9215686274509802,C1,C1,C2,C1
Approved,C1|C2|C2|C1,2,51,3.9215686274509802,C1,C2,C2,C1
Approved,C1|C2|=|=,2,51,3.9215686274509802,C1,C2,=,=
Approved,=|C1|C2|C2,2,51,3.9215686274509802,=,C1,C2,C2
Approved,C2|=|=|C1,2,51,3.9215686274509802,C2,=,=,C1
Approved,=|C2|C1|C2,1,51,1.9607843137254901,=,C2,C1,C2
Approved,C1|C2|C2|=,1,51,1.9607843137254901,C1,C2,C2,=
Approved,C1|C1|=|C2,1,51,1.9607843137254901,C1,C1,=,C2
Approved,C1|C2|C1|C1,1,51,1.9607843137254901,C1,C2,C1,C1
Approved,C1|C2|=|C2,1,51,1.9607843137254901,C1,C2,=,C2
Approved,=|C1|C1|C2,1,51,1.9607843137254901,=,C1,C1,C2
Approved,C2|C1|C2|C2,1,51,1.9607843137254901,C2,C1,C2,C2
Approved,C2|C1|C1|C2,1,51,1.9607843137254901,C2,C1,C1,C2
Approved,C2|C1|C2|C1,1,51,1.9607843137254901,C2,C1,C2,C1
Approved,C1|C1|C1|C2,1,51,1.9607843137254901,C1,C1,C1,C2
Approved,C1|C2|C1|C2,1,51,1.9607843137254901,C1,C2,C1,C2
