Cohort,Opposing values,Cases,Directional-autonomy n,Percent
All cases,Beneficence,83,268,30.970149253731343
All cases,Nonmaleficence,42,268,15.671641791044776
All cases,Beneficence + Nonmaleficence,42,268,15.671641791044776
All cases,Beneficence + Nonmaleficence + Justice,26,268,9.701492537313433
All cases,Beneficence + Justice,26,268,9.701492537313433
All cases,Nonmaleficence + Justice,25,268,9.328358208955224
All cases,Justice,19,268,7.08955223880597
All cases,None,5,268,1.8656716417910448
Approved,Nonmaleficence,12,47,25.53191489361702
Approved,Beneficence,10,47,21.27659574468085
Approved,Beneficence + Nonmaleficence,8,47,17.02127659574468
Approved,Justice,6,47,12.76595744680851
Approved,Nonmaleficence + Justice,5,47,10.638297872340425
Approved,Beneficence + Justice,3,47,6.382978723404255
Approved,Beneficence + Nonmaleficence + Justice,3,47,6.382978723404255
